customerId,recommendedProducts
4,226|247|230|294|125|276|204|213|155|248
11,226|247|230|294|125|276|204|155|248|165
12,226|247|230|294|125|276|204|213|155|248
16,226|247|230|294|125|276|204|213|155|248
21,226|247|230|294|125|276|204|213|155|248
32,226|247|230|294|125|276|204|213|155|248
121,226|247|230|294|125|276|204|213|155|248
122,226|247|230|294|125|276|204|213|155|248
123,226|247|230|294|125|276|204|213|155|248
137,226|247|230|294|125|276|204|213|155|248
141,226|247|230|294|125|276|204|213|155|248
152,226|247|230|294|125|276|204|213|155|248
164,226|247|230|294|125|276|204|213|155|248
171,226|247|230|294|125|276|204|213|155|248
182,226|247|230|294|125|276|204|213|155|248
212,247|230|294|125|276|204|213|155|248|74
218,226|247|230|294|125|276|204|213|155|248
247,226|247|230|294|125|276|204|213|155|248
250,226|247|230|294|125|276|204|155|72|248
255,226|247|230|294|125|276|204|213|155|248
261,226|247|230|294|125|276|204|213|155|248
263,226|247|230|294|125|276|204|213|155|248
305,226|247|230|294|125|276|204|213|155|248
320,226|247|230|294|125|276|204|213|155|248
321,226|247|230|294|125|276|204|213|155|248
326,226|247|230|294|125|276|204|155|213|165
339,226|247|230|294|125|276|204|213|155|72
368,226|247|230|294|125|276|204|213|155|248
418,226|247|230|294|125|276|204|213|155|248
447,226|247|230|294|125|276|204|213|155|248
450,226|247|230|294|125|276|204|213|74|72
459,226|247|230|294|276|204|213|155|248|72
462,226|247|230|294|125|276|204|155|213|165
482,226|247|230|294|125|276|204|213|155|248
539,226|247|230|294|125|276|204|213|155|248
543,226|247|230|294|125|276|204|213|155|248
548,226|247|230|294|125|276|204|213|155|248
572,226|247|230|294|125|276|204|213|155|248
594,226|247|230|294|125|276|204|213|155|248
595,226|247|230|294|125|276|204|213|155|248
625,226|247|230|294|125|276|204|213|155|248
654,226|247|230|294|125|276|204|213|155|248
659,226|247|230|294|125|276|204|213|155|248
661,226|247|230|294|125|276|204|213|155|72
665,226|247|230|294|125|276|204|213|155|248
667,226|247|230|294|125|276|204|213|155|248
677,226|247|230|294|125|276|204|213|155|165
690,226|247|230|294|125|276|204|213|155|248
706,226|247|230|294|125|276|204|213|155|248
708,226|247|230|294|125|276|204|213|155|248
718,226|247|230|294|125|276|204|213|155|248
731,226|247|230|294|125|276|204|213|155|248
745,226|247|230|294|125|276|204|213|155|248
788,226|247|230|294|125|276|204|155|72|248
806,226|247|230|294|125|276|204|213|155|248
821,226|247|230|294|125|276|204|155|248|72
837,226|247|230|294|125|276|204|213|155|248
858,226|247|230|294|125|276|204|213|155|248
861,226|247|230|294|125|276|204|213|155|248
862,226|247|230|294|125|276|204|213|155|248
863,226|247|230|294|125|276|204|213|155|248
866,226|247|230|294|125|276|204|213|155|72
884,226|247|230|294|125|276|213|155|248|72
946,226|247|230|294|125|276|204|213|155|248
1037,226|247|230|294|125|276|204|213|155|72
1042,226|247|230|294|125|276|204|213|155|248
1043,226|247|230|294|125|276|204|213|155|74
1057,226|247|230|294|125|276|204|213|155|248
1073,226|247|230|294|125|276|204|213|155|248
1085,226|247|230|294|125|276|204|213|155|248
1090,226|247|230|294|125|276|204|213|155|248
1091,226|247|294|125|276|204|213|155|248|72
1093,226|247|230|294|125|276|204|213|155|248
1111,226|247|230|294|125|276|204|213|155|72
1127,226|247|230|294|125|276|204|213|155|248
1130,226|247|230|294|125|276|204|213|155|248
1137,226|247|230|294|125|276|204|213|155|248
1139,226|247|230|294|125|276|204|213|155|248
1143,226|247|230|294|125|276|204|213|155|248
1149,226|247|230|294|125|276|204|213|155|248
1156,226|247|230|294|125|276|204|213|155|248
1175,226|247|230|294|125|276|204|213|155|248
1178,226|247|230|294|125|276|204|213|155|248
1182,226|247|230|294|125|276|204|213|155|248
1223,226|247|230|294|125|276|204|213|155|248
1245,226|247|230|294|125|276|204|213|155|248
1267,226|247|230|125|276|204|213|155|248|74
1270,226|247|230|294|125|276|204|213|155|165
1286,226|247|230|294|125|276|204|213|155|248
1290,226|247|230|294|125|276|204|213|155|248
1342,226|247|230|294|125|276|204|213|155|248
1347,226|247|230|294|125|276|204|213|155|248
1380,226|247|230|294|125|276|204|213|155|248
1387,226|247|230|294|125|276|204|213|155|248
1412,226|247|230|294|125|276|204|213|155|248
1416,226|247|230|294|125|276|204|213|155|248
1425,226|247|230|294|125|276|204|213|155|248
1434,226|247|230|294|125|276|204|213|155|248
1455,226|247|230|294|125|276|204|213|155|248
1475,226|247|230|294|125|276|204|213|155|248
1504,226|247|230|294|125|276|204|213|155|72
1553,226|247|230|294|125|276|204|213|155|248
1559,226|247|230|294|125|276|204|213|155|72
1583,247|230|294|125|276|204|213|155|248|74
1586,226|247|230|294|125|276|204|213|155|248
1619,226|247|230|294|125|276|204|213|155|248
1653,226|247|230|294|125|276|204|213|155|248
1668,226|247|230|294|125|276|204|213|155|248
1695,226|247|230|294|125|276|204|213|155|248
1705,226|247|230|294|125|276|204|213|155|248
1730,226|247|230|294|125|276|204|213|155|248
1743,226|247|230|294|125|276|204|213|155|248
1757,226|247|230|294|125|276|204|213|155|248
1768,226|247|230|294|125|276|204|213|155|248
1783,226|247|230|294|125|276|204|213|155|248
1851,226|247|230|294|125|276|204|213|155|248
1870,226|247|230|294|125|276|204|213|155|248
1911,226|247|230|294|125|276|204|213|155|248
1916,226|247|230|294|125|276|204|213|155|248
1939,226|247|230|294|125|276|204|213|155|248
1981,226|247|230|294|125|276|204|213|155|248
2008,226|247|230|294|125|276|204|213|155|248
2029,226|247|230|294|125|276|204|213|155|74
2043,226|247|230|294|125|276|204|213|155|248
2052,226|247|230|294|125|276|204|213|155|72
2062,226|247|230|294|125|276|204|213|155|248
2087,226|247|230|294|125|276|204|213|155|72
2143,226|247|230|294|125|276|204|213|155|248
2202,226|247|230|294|125|276|204|213|155|248
2232,226|247|230|294|125|276|204|213|248|72
2265,226|247|230|294|125|276|204|213|155|248
2278,226|247|230|294|125|276|204|213|155|74
2279,226|247|230|294|125|276|248|204|213|155
2283,226|247|230|294|125|276|204|213|155|248
2285,226|247|230|294|125|276|204|213|155|248
2315,226|247|230|294|125|276|204|213|155|248
2347,226|247|230|294|125|276|204|213|155|248
2388,226|247|230|294|125|276|204|213|155|248
2396,226|247|230|294|125|276|204|213|155|165
2403,226|247|230|294|125|276|204|213|155|248
2409,226|247|230|294|125|276|204|213|155|248
2410,226|247|230|294|125|276|204|213|155|248
2414,226|247|230|294|125|276|204|213|155|248
2417,226|247|294|125|276|204|213|155|248|72
2430,226|247|230|294|125|276|204|213|155|248
2466,226|247|230|294|125|276|204|213|155|248
2478,226|247|230|294|125|276|204|213|155|248
2479,226|247|230|294|125|276|204|213|155|72
2531,226|247|230|294|125|276|204|213|155|248
2536,226|247|230|294|125|276|204|213|155|248
2579,226|247|230|294|125|276|204|213|155|248
2581,226|247|230|294|125|276|204|213|155|248
2590,226|247|230|294|125|276|204|213|155|165
2615,226|247|230|294|125|276|204|213|155|248
2624,226|247|230|294|125|276|204|213|155|248
2626,226|247|230|294|125|276|204|213|155|248
2654,226|247|230|294|125|276|204|213|155|248
2670,226|247|230|294|125|276|204|213|155|248
2715,226|247|230|294|125|276|204|213|155|248
2724,226|247|230|294|125|276|204|213|155|72
2770,226|247|230|294|125|276|204|213|155|248
2815,226|247|230|294|125|276|204|213|155|248
2819,226|247|230|294|125|276|204|213|155|74
2831,226|247|230|294|125|276|204|213|155|248
2833,226|247|230|294|125|276|204|213|155|248
2842,226|247|230|294|125|276|204|213|155|248
2865,226|247|230|294|125|276|204|213|155|248
2878,226|247|230|294|125|276|204|213|155|248
2892,226|247|230|294|125|276|204|213|155|72
2914,226|247|230|294|125|276|204|213|155|248
2977,226|247|230|294|125|276|204|213|155|248
2978,226|230|294|125|276|204|213|155|248|72
2993,226|247|230|294|125|276|204|213|155|248
3003,226|247|230|294|125|276|204|213|155|248
3012,226|247|230|294|125|276|204|213|155|72
3018,226|247|230|294|125|276|204|213|155|248
3020,226|230|294|125|276|204|213|155|248|74
3026,226|247|230|294|125|276|204|213|155|248
3045,226|247|230|294|125|276|204|213|155|74
3087,226|247|230|294|125|276|204|213|155|74
3115,226|247|230|294|125|276|204|213|155|248
3171,226|247|230|294|125|276|204|213|155|248
3196,226|247|230|294|125|276|204|213|155|248
3223,226|247|230|294|125|276|204|213|155|248
3230,226|247|230|294|125|276|204|155|213|72
3240,226|247|230|294|125|276|204|213|155|248
3257,226|247|230|294|125|276|204|213|155|248
3272,226|247|230|294|125|276|204|213|155|248
3300,226|247|230|294|125|276|204|213|155|248
3341,226|247|230|294|125|276|204|213|155|248
3348,226|247|230|294|125|276|204|213|155|248
3369,226|247|230|294|125|276|204|213|155|248
3386,226|247|230|294|125|276|204|213|155|248
3399,226|247|230|294|125|276|204|213|155|248
3431,226|247|230|294|125|276|204|213|155|248
3444,226|247|230|294|125|276|204|213|155|248
3549,226|247|230|294|125|276|204|213|155|248
3557,226|247|230|294|125|276|204|213|155|72
3593,226|247|230|294|125|276|204|213|155|248
3609,226|247|230|294|125|276|204|213|155|248
3645,226|247|230|294|125|276|204|213|155|74
3651,226|247|230|294|125|276|204|213|155|165
3699,226|247|230|294|125|276|204|213|155|248
3709,226|247|230|294|125|276|204|213|155|248
3716,226|247|230|294|125|276|204|213|155|72
3731,226|247|230|294|125|276|204|213|155|248
3762,226|247|230|294|125|276|204|213|155|248
3768,226|247|230|294|125|276|204|213|155|248
3769,226|247|230|294|125|276|204|213|155|248
3773,226|247|230|294|125|276|204|213|155|248
3775,226|247|230|294|125|276|204|213|155|248
3797,226|247|230|294|125|276|204|213|155|248
3800,226|247|230|294|125|276|204|213|155|248
3843,226|247|230|294|125|276|204|213|155|72
3851,226|247|230|294|125|276|204|213|155|72
3865,226|247|230|294|125|276|204|213|155|248
3879,226|247|230|294|125|276|204|213|155|248
3891,226|247|230|294|125|276|204|213|155|248
3899,226|247|230|294|125|276|204|213|72|155
3955,226|247|230|294|125|276|204|213|155|248
3978,226|247|230|294|125|276|204|213|155|248
3984,226|247|230|294|125|276|204|213|155|248
4007,226|247|230|294|125|276|204|213|155|248
4070,226|247|230|294|125|276|204|213|155|248
4087,226|247|230|294|125|276|204|213|155|248
4118,226|247|230|294|125|276|204|213|155|248
4152,226|247|230|294|125|276|204|213|155|248
4175,226|247|230|294|276|204|213|155|248|74
4207,226|247|230|294|125|276|204|213|155|248
4233,226|247|230|294|125|276|204|213|155|248
4269,226|247|230|294|125|276|204|213|155|248
4271,226|247|230|294|125|276|204|213|155|248
4339,226|247|230|294|125|276|204|213|155|248
4392,226|247|230|294|125|276|204|213|155|248
4405,226|247|230|294|125|276|204|213|155|248
4407,226|247|230|294|125|276|204|213|155|248
4418,226|247|230|294|125|276|204|213|155|248
4442,226|247|230|294|125|276|204|213|155|248
4449,226|247|230|294|125|276|204|213|155|248
4476,226|247|230|294|125|276|204|213|155|248
4516,226|247|230|294|125|276|204|213|155|248
4524,226|247|230|294|125|276|204|213|155|248
4527,226|247|230|294|125|276|204|213|155|248
4537,226|247|230|294|125|276|204|213|155|248
4564,226|247|230|294|125|276|204|213|155|248
4589,226|247|230|294|125|276|204|213|155|248
4608,226|247|230|294|125|276|204|213|155|248
4613,226|247|230|294|125|276|204|213|155|248
4618,226|247|230|294|125|276|204|213|155|248
4657,226|247|230|294|125|276|204|213|155|248
4659,226|247|230|294|125|276|204|213|155|248
4671,226|247|230|294|125|276|204|213|155|248
4717,226|247|230|294|125|276|204|213|155|248
4757,226|247|230|294|125|276|204|213|155|248
4776,226|247|230|294|125|276|204|213|155|248
4799,226|247|230|294|125|276|204|213|155|248
4800,226|247|230|294|125|276|204|213|155|248
4823,226|247|230|294|125|276|204|213|155|248
4848,226|247|230|294|125|276|204|213|155|248
4851,226|247|230|294|125|204|213|155|248|72
4871,226|247|230|294|125|276|204|155|72|248
4950,226|247|230|294|125|276|204|213|155|248
5001,226|247|230|294|125|276|204|213|155|248
5022,247|230|294|125|276|204|213|155|248|72
5065,226|247|230|294|125|276|204|213|155|248
5092,226|247|230|294|125|276|204|213|155|248
5095,226|247|230|294|125|276|213|155|72|74
5113,226|247|230|294|125|276|204|213|155|248
5118,226|247|230|294|125|276|204|213|155|248
5127,226|247|230|294|125|276|204|213|155|248
5193,226|247|230|294|125|276|204|213|155|248
5199,226|247|230|294|125|276|204|213|155|248
5200,226|247|230|294|125|276|204|213|155|248
5220,226|247|230|294|125|276|204|213|155|248
5242,226|247|230|294|276|204|213|155|248|72
5264,226|247|230|294|125|276|204|213|155|72
5273,226|247|230|294|125|204|165|213|155|248
5347,226|247|230|294|125|276|204|213|155|248
5361,226|247|230|294|125|276|204|213|155|248
5365,226|247|230|294|125|276|204|213|155|72
5368,226|247|230|294|125|276|204|213|74|155
5418,226|247|230|294|125|276|204|213|155|248
5430,226|247|230|294|125|276|204|213|155|248
5459,226|247|230|294|276|204|213|155|248|72
5461,226|247|230|294|125|276|204|213|155|248
5501,226|247|230|294|125|276|204|213|155|248
5512,226|247|230|294|125|276|204|213|155|248
5513,226|247|230|294|125|276|204|213|155|248
5522,247|230|125|276|204|155|248|74|165|284
5524,226|247|230|294|125|276|204|213|155|248
5527,226|247|230|294|125|276|204|213|155|248
5555,226|247|230|294|125|276|204|213|155|248
5562,226|247|230|294|125|276|204|213|155|248
5570,226|247|294|125|276|204|213|155|248|72
5581,226|247|230|294|125|276|204|213|155|248
5648,226|247|230|294|125|276|204|213|155|248
5666,226|247|230|294|125|276|204|213|155|248
5684,226|247|230|294|125|276|204|213|155|248
5751,226|247|230|294|125|276|204|213|155|248
5774,226|247|230|294|125|276|213|155|248|72
5891,226|247|230|294|125|276|204|155|213|248
5926,226|247|230|294|125|276|204|213|155|72
5940,226|247|230|294|125|276|204|213|155|248
5957,226|247|230|294|125|276|204|213|155|248
6010,226|247|230|294|125|276|204|213|155|248
6016,226|247|230|294|125|276|204|213|155|248
6030,226|247|230|294|125|276|204|213|155|248
6032,226|247|230|294|125|276|204|213|155|248
6132,226|247|230|294|125|276|204|213|155|248
6145,226|247|230|294|125|276|204|213|155|248
6158,226|247|230|294|125|276|204|72|213|155
6166,226|247|230|294|125|276|204|213|155|248
6167,226|247|230|294|125|276|204|213|155|248
6182,226|247|230|294|125|276|204|213|155|74
6220,226|247|230|294|125|276|204|213|155|248
6258,226|247|230|294|125|276|204|213|155|165
6269,226|247|230|294|125|276|204|213|155|248
6294,226|247|230|294|125|276|204|213|155|248
6297,226|247|230|294|125|276|204|213|155|74
6313,226|247|230|294|125|276|204|155|213|248
6323,226|247|230|294|125|276|204|213|155|248
6326,226|247|230|294|125|276|204|213|155|248
6334,226|247|230|294|125|276|204|213|155|248
6337,226|247|230|294|125|276|204|213|155|248
6344,226|247|230|294|125|276|204|213|155|248
6345,226|247|230|294|125|276|204|213|155|248
6346,226|247|230|294|125|276|204|213|155|248
6385,226|247|230|294|125|276|204|213|155|248
6394,226|247|230|294|125|276|204|213|155|248
6395,226|247|230|294|125|276|204|213|155|248
6427,226|247|230|294|125|276|204|213|155|72
6430,226|247|230|294|125|276|204|213|155|248
6443,226|247|230|294|125|276|204|213|155|248
6455,226|247|230|294|125|276|204|213|155|72
6560,226|247|230|294|125|276|204|213|155|248
6577,226|247|230|294|125|276|204|213|155|248
6591,226|247|230|294|125|276|204|213|155|248
6646,226|247|230|294|125|276|204|213|155|248
6649,226|247|230|294|125|276|204|213|155|248
6655,226|247|230|294|125|276|204|213|155|248
6657,226|247|230|294|125|276|204|213|155|248
6665,226|247|230|294|125|276|204|213|155|248
6680,226|247|230|294|125|276|204|213|155|72
6701,226|247|230|294|125|276|204|213|155|248
6730,226|247|230|294|125|276|204|213|155|248
6769,226|247|230|294|125|276|204|213|155|248
6774,226|247|230|294|125|276|204|213|155|248
6777,226|247|230|294|125|276|204|213|155|248
6782,226|247|230|294|125|276|204|213|72|155
6787,226|247|230|294|125|276|204|213|155|248
6795,226|247|230|294|125|276|204|213|155|248
6799,226|247|230|294|125|276|204|213|155|248
6803,226|247|230|294|125|276|204|213|155|248
6827,226|247|230|294|125|276|204|213|155|74
6829,226|247|230|294|125|276|204|213|155|248
6834,226|247|230|294|125|276|204|213|155|248
6851,226|247|230|294|125|276|204|213|155|248
6878,226|247|230|125|276|204|213|155|248|72
6884,226|247|230|294|125|276|204|213|155|248
6917,226|247|230|294|125|276|204|213|155|248
6961,226|247|230|294|125|276|204|213|155|248
6967,226|247|230|294|125|276|204|213|155|248
6975,226|247|230|294|125|276|204|213|155|72
6977,226|247|230|294|125|276|204|213|155|248
6997,226|247|230|294|125|276|204|213|155|248
7005,226|247|230|294|125|276|204|213|155|248
7011,226|247|230|294|125|276|204|213|155|248
7034,226|247|230|294|276|204|213|155|248|74
7041,226|247|230|294|125|276|204|213|155|248
7062,226|247|230|294|125|276|204|213|155|248
7065,247|230|294|125|276|204|155|213|248|74
7096,226|247|230|294|125|276|204|213|155|248
7106,226|247|230|294|125|276|204|213|155|248
7118,226|247|230|294|125|276|204|213|155|248
7133,226|247|230|294|125|276|204|213|155|248
7153,226|247|230|294|125|276|204|213|155|72
7175,226|247|230|294|125|276|204|213|155|248
7180,226|247|230|294|125|276|204|213|155|248
7207,226|247|230|294|125|276|204|213|155|72
7228,226|247|230|294|125|276|204|213|155|248
7259,226|247|230|294|125|276|204|213|155|248
7274,226|247|230|294|125|276|204|213|155|72
7282,247|230|294|125|276|204|213|155|248|74
7286,226|247|230|294|125|276|204|213|155|248
7299,226|247|230|294|125|276|204|213|155|72
7326,226|247|230|294|125|276|204|213|155|248
7368,226|247|230|294|125|276|204|213|155|248
7394,226|247|230|294|125|276|204|213|155|74
7412,226|247|230|294|125|276|204|213|155|248
7443,226|247|230|294|125|276|204|213|155|248
7454,226|247|230|294|125|276|204|213|155|248
7455,226|247|230|294|125|276|204|213|155|248
7505,226|247|230|294|125|276|204|213|155|72
7510,226|247|230|294|125|276|204|213|155|74
7513,226|247|230|294|125|276|204|213|155|248
7515,226|247|230|294|125|276|204|213|155|248
7522,226|247|230|294|125|276|204|213|72|165
7551,226|247|230|294|125|276|204|213|155|248
7569,226|247|230|294|125|276|213|155|248|72
7601,226|247|230|294|125|276|204|213|155|248
7625,226|247|230|294|125|276|204|213|155|248
7650,226|247|230|294|125|276|204|213|155|248
7657,226|247|230|294|125|276|204|213|155|248
7706,226|247|230|294|125|276|204|213|155|248
7714,226|247|230|294|125|276|204|213|155|248
7722,226|247|230|294|125|276|204|213|155|248
7731,226|247|230|294|125|276|204|213|155|248
7755,226|247|230|294|125|276|204|213|155|248
7777,226|247|230|294|125|276|204|213|155|248
7786,226|247|230|294|125|276|204|213|155|248
7828,226|247|230|294|125|276|204|155|213|248
7846,226|247|230|294|125|276|204|213|155|248
7855,226|247|230|294|125|276|204|213|155|248
7869,226|247|230|294|125|276|204|213|155|248
7919,226|247|230|294|125|276|204|213|155|248
7951,226|247|230|294|125|276|204|213|155|248
7981,226|247|230|294|125|276|204|213|155|248
7988,226|247|230|294|125|276|204|213|155|248
7997,226|247|230|294|125|276|204|213|155|248
8046,226|247|230|294|125|276|204|213|155|248
8047,226|247|230|294|125|276|204|213|155|248
8099,226|247|230|294|125|276|204|213|155|248
8108,226|247|230|294|125|276|204|213|155|248
8111,226|247|230|294|125|276|204|213|155|72
8112,226|247|230|294|125|276|204|213|155|248
8157,226|247|230|294|125|276|204|213|248|155
8164,226|247|230|294|125|276|204|213|155|248
8207,226|247|230|294|125|276|204|213|155|248
8222,226|247|230|294|125|276|204|155|248|72
8230,226|247|230|294|125|276|204|213|155|248
8272,226|247|230|294|125|276|204|213|155|248
8291,226|247|230|294|125|276|204|213|155|248
8296,226|247|230|294|125|276|204|213|155|248
8323,226|247|230|294|125|276|204|213|155|72
8330,226|247|230|294|125|276|204|213|155|248
8339,226|247|230|294|125|276|204|213|155|248
8346,226|247|230|294|125|276|204|213|155|248
8423,226|247|230|294|125|276|204|213|155|248
8437,226|247|230|294|125|276|204|213|155|248
8475,226|247|230|294|125|276|204|213|155|248
8512,226|247|230|294|125|276|204|213|155|72
8540,226|247|230|294|125|276|204|213|155|248
8609,226|247|230|294|125|276|204|213|155|72
8619,247|230|294|125|276|204|213|155|72|248
8627,226|247|230|294|125|276|204|213|155|248
8734,226|247|230|294|125|276|204|213|155|248
8738,226|247|230|294|125|276|204|213|155|248
8808,226|247|230|294|125|276|204|213|155|248
8817,226|247|230|294|125|276|204|213|155|248
8838,226|247|230|294|125|276|204|213|248|155
8844,226|247|230|294|125|276|204|213|155|248
8865,226|247|230|294|125|276|204|213|155|248
8877,226|247|230|294|125|276|204|213|155|248
8907,226|247|230|294|125|276|204|213|155|72
8931,226|247|230|294|125|276|204|213|155|72
8947,226|247|230|294|125|276|204|213|155|165
9023,226|247|230|294|125|276|204|213|155|248
9051,226|247|230|294|125|276|204|213|155|248
9155,226|247|230|294|125|276|204|213|155|248
9166,226|247|230|294|125|276|204|213|155|248
9173,226|247|230|294|125|276|204|213|155|248
9194,247|230|294|125|276|204|155|213|248|74
9239,226|247|230|294|125|276|204|213|155|248
9282,226|247|230|294|125|276|204|213|155|248
9284,226|247|230|294|125|276|204|213|155|248
9398,226|247|230|294|125|276|204|213|155|248
9404,226|247|230|294|125|276|204|213|155|248
9405,226|247|230|294|125|276|204|213|155|248
9449,226|247|230|294|125|276|204|213|155|72
9472,226|247|230|294|125|276|204|213|155|72
9501,226|247|230|294|125|276|204|213|155|248
9524,226|247|230|294|125|276|204|213|155|74
9545,226|247|230|294|125|276|204|213|155|248
9552,226|247|230|294|125|276|204|213|155|248
9557,226|247|230|294|125|276|204|213|155|248
9565,226|247|230|294|125|276|204|213|155|248
9576,226|247|230|294|125|276|204|213|155|248
9578,226|247|230|294|125|276|204|213|155|248
9584,226|247|230|294|125|276|204|213|155|72
9612,226|247|230|294|125|276|204|213|155|248
9646,226|247|230|294|125|276|204|213|155|248
9648,226|247|230|294|125|276|204|213|155|248
9665,226|247|230|294|125|276|204|213|155|248
9668,226|247|230|294|125|276|204|213|155|248
9711,226|247|230|125|276|204|213|155|248|74
9720,226|247|230|294|125|276|204|213|155|72
9733,226|247|230|294|125|276|204|213|155|248
9796,226|247|230|294|125|276|204|213|155|248
9806,226|247|230|294|276|204|213|155|248|72
9831,226|247|230|294|125|276|204|213|155|248
9852,226|247|230|294|125|276|204|213|155|248
9873,226|247|230|294|125|276|204|213|155|248
9878,226|247|230|294|125|276|204|213|155|248
9889,226|247|230|294|125|276|204|213|155|248
9949,226|247|230|294|125|276|204|213|155|72
9954,226|247|230|294|125|276|204|213|155|248
9960,226|247|230|294|125|276|204|213|155|248
9961,226|247|230|294|125|276|204|213|155|248
9974,226|247|230|294|125|276|204|213|155|248
9978,226|247|230|294|125|276|204|213|155|248
10016,226|247|230|294|125|276|204|213|155|248
10018,226|247|230|294|125|276|204|213|155|248
10104,226|247|230|294|125|276|204|213|155|248
10159,226|247|230|294|125|276|204|213|155|248
10209,226|247|230|294|125|276|204|213|155|248
10222,226|247|230|294|125|276|204|213|155|248
10268,226|247|230|294|125|276|204|213|155|248
10269,226|247|230|294|125|276|204|213|155|248
10285,226|247|230|294|125|276|204|213|155|248
10382,226|247|230|294|125|276|204|155|213|248
10410,226|247|230|294|125|276|204|213|155|248
10444,226|247|230|294|276|204|213|155|248|72
10500,226|247|230|294|125|276|204|213|155|248
10526,226|247|230|294|125|276|204|213|155|248
10544,226|247|230|294|125|276|204|213|155|248
10545,226|247|230|294|125|276|204|213|165|155
10550,226|247|294|125|276|204|213|155|72|74
10656,226|247|230|294|125|276|204|213|155|248
10663,226|247|230|294|125|276|204|213|155|248
10688,226|247|230|294|125|276|204|213|155|165
10710,226|247|230|294|125|276|204|213|155|248
10748,226|247|230|294|125|276|204|213|155|248
10754,226|247|230|294|125|276|204|213|155|248
10820,226|247|230|294|125|276|204|213|155|248
10838,226|247|230|294|125|276|204|213|155|248
10844,226|247|230|294|125|276|204|213|155|248
10850,226|247|230|294|125|276|204|213|155|248
10871,226|247|230|294|125|276|204|213|155|248
10884,226|247|230|294|125|276|204|213|155|248
10921,226|247|230|294|125|276|204|213|155|248
10923,226|247|230|294|125|276|204|213|155|248
10948,226|247|230|294|125|276|204|213|155|72
10951,226|247|230|294|125|276|204|213|155|248
10973,226|247|230|294|125|276|204|213|155|248
10975,226|247|230|294|125|276|204|213|155|248
11013,226|247|230|294|125|276|204|213|155|248
11015,226|247|230|294|125|276|204|213|155|248
11081,226|247|230|294|125|276|204|213|155|248
11096,226|247|230|294|125|276|204|213|155|248
11102,226|247|230|294|125|276|204|213|155|248
11119,226|247|230|294|125|276|204|213|155|248
11122,226|247|230|294|125|276|204|213|155|248
11134,226|247|230|294|125|276|204|213|155|248
11167,226|247|230|294|125|276|155|204|213|72
11215,226|247|230|294|125|276|204|213|155|74
11281,226|247|230|294|125|276|204|213|155|165
11321,226|247|230|294|125|276|204|213|155|248
11330,226|247|230|294|125|276|204|213|155|248
11350,226|247|230|294|125|276|204|213|155|248
11379,226|247|230|294|125|276|204|213|155|248
11392,226|247|230|294|125|276|204|213|155|248
11397,226|247|230|294|125|276|204|213|155|248
11433,226|247|230|294|125|276|204|213|155|74
11459,226|247|230|294|125|276|204|213|155|248
11468,226|247|230|294|125|276|204|213|155|248
11489,226|247|230|294|125|276|204|213|155|248
11500,226|247|230|294|125|276|204|213|72|155
11523,226|247|230|294|125|276|204|213|155|248
11528,226|247|230|294|125|276|204|213|155|248
11555,226|247|230|294|125|276|204|213|155|248
11570,226|247|230|294|125|276|204|213|155|248
11591,226|247|230|294|125|276|204|213|155|248
11679,226|247|230|294|125|276|204|213|155|248
11744,226|247|230|294|125|276|204|213|155|72
11830,226|247|230|294|125|276|204|213|155|165
11837,226|247|230|294|125|276|204|213|248|72
11899,226|247|230|294|125|276|204|213|155|248
11932,226|247|230|294|125|276|204|213|165|155
11985,226|247|230|294|125|276|204|213|155|248
11995,226|247|230|294|125|276|204|213|155|248
12051,226|247|230|294|125|276|204|213|155|248
12096,226|247|230|294|125|276|204|213|155|248
12122,226|247|230|294|125|276|204|213|155|248
12142,226|247|230|294|125|276|204|213|155|248
12221,226|247|230|294|125|276|204|213|155|248
12225,226|247|230|294|125|276|204|213|155|248
12253,226|247|230|294|125|276|204|213|155|248
12278,226|247|230|294|125|276|204|213|155|248
12286,226|247|230|294|125|276|204|213|155|248
12321,226|247|230|294|125|276|204|213|155|248
12371,226|247|230|294|125|276|204|213|155|248
12422,226|247|230|294|125|276|204|213|155|248
12432,226|247|230|294|125|276|204|213|155|248
12448,226|247|230|294|125|276|204|213|155|248
12458,226|247|230|294|125|276|204|213|155|248
12464,226|247|230|294|125|276|204|213|72|155
12521,226|247|230|294|125|276|204|213|155|248
12525,226|247|230|294|125|276|204|213|155|248
12532,226|247|230|294|125|276|204|213|155|248
12535,226|247|230|294|125|276|204|213|155|248
12553,226|247|230|294|125|276|204|213|72|155
12577,226|247|230|294|125|276|204|213|155|74
12578,226|247|230|294|125|276|204|213|155|248
12590,226|247|230|294|125|276|204|213|155|74
12641,226|247|230|294|125|276|204|213|155|248
12683,226|247|230|294|125|276|204|213|155|248
12724,226|247|230|294|125|276|204|213|155|248
12735,226|247|230|294|125|276|204|213|155|248
12750,226|247|230|294|125|276|204|213|155|72
12768,226|247|230|294|125|276|204|213|155|248
12788,226|247|230|294|125|276|204|213|155|248
12836,226|247|294|125|276|204|213|155|248|72
12867,226|247|230|294|125|276|204|213|155|248
12894,226|247|230|294|125|276|204|213|155|74
12952,226|247|230|294|125|276|204|213|155|248
13039,226|247|230|294|125|276|204|213|155|248
13114,226|247|230|294|125|276|204|213|155|248
13132,226|247|230|294|125|276|204|213|155|248
13151,247|230|294|125|276|204|155|72|248|74
13167,226|247|230|294|125|276|204|213|155|248
13181,226|247|230|125|276|204|213|155|248|74
13198,226|247|230|294|125|276|204|213|155|248
13204,226|247|230|294|125|276|204|213|155|248
13218,226|247|230|294|125|276|204|213|155|248
13225,226|247|230|294|276|204|213|155|248|72
13249,226|247|230|294|125|276|204|213|155|165
13267,226|247|230|294|125|276|204|213|155|248
13282,226|247|230|294|125|276|204|213|155|248
13289,226|247|230|294|125|276|204|213|155|248
13291,226|247|230|294|125|276|204|213|155|248
13336,226|247|230|294|125|276|204|213|155|248
13373,226|247|230|294|125|276|204|213|155|248
13433,226|247|230|294|125|276|204|213|155|248
13487,226|247|230|294|125|276|204|213|155|248
13529,226|247|230|294|125|276|204|213|155|72
13569,226|247|230|294|125|276|204|213|155|248
13600,226|247|230|294|125|276|204|213|155|72
13647,226|247|230|294|125|276|204|213|155|248
13658,226|247|230|294|125|276|204|213|155|248
13680,226|247|230|294|125|276|204|213|155|248
13685,226|247|230|294|125|276|204|213|155|248
13702,226|247|230|294|125|276|204|74|213|72
13711,226|247|230|294|125|276|204|213|155|248
13764,226|247|230|294|125|276|204|213|155|248
13800,226|247|230|294|125|276|204|213|155|248
13821,226|247|230|294|125|276|204|213|155|248
13874,226|247|230|294|125|276|204|213|155|72
13895,226|247|230|294|125|276|204|213|155|248
13906,226|247|230|294|125|276|204|213|155|72
13943,226|247|230|294|125|276|204|213|155|248
13945,226|247|230|294|125|276|204|213|155|248
13962,226|247|230|294|125|276|204|213|155|248
13970,226|247|230|294|125|276|204|213|155|248
13980,226|247|230|294|125|276|204|213|155|248
13992,226|247|230|294|125|276|204|213|155|248
14010,226|247|230|294|125|276|204|213|165|155
14032,226|247|230|294|125|276|204|213|155|248
14082,226|247|230|294|125|276|204|213|155|248
14102,226|247|230|294|125|276|204|213|155|248
14109,226|247|230|294|125|276|204|213|155|248
14110,226|247|230|294|125|276|204|213|155|248
14116,226|247|230|294|125|276|204|213|155|248
14136,226|247|230|294|125|276|204|213|155|248
14147,226|247|230|294|125|276|204|213|155|72
14151,226|247|230|294|125|276|204|213|155|248
14162,226|247|230|294|125|276|204|213|155|248
14247,226|247|230|294|125|276|204|213|155|248
14294,226|247|230|294|125|276|204|213|155|72
14310,226|247|230|294|125|276|204|213|155|248
14428,226|247|230|294|125|276|204|213|155|165
14443,226|247|230|294|125|276|204|213|155|248
14483,226|247|230|294|125|276|204|213|155|248
14531,226|247|230|294|125|276|204|213|155|248
14544,226|247|230|294|125|276|204|213|155|248
14601,226|247|230|294|125|276|204|213|155|248
14605,226|247|230|294|125|276|204|213|155|248
14626,226|247|230|294|125|276|204|213|155|248
14669,226|247|230|294|125|276|204|213|155|248
14671,226|247|230|294|125|276|204|213|155|72
14673,226|247|230|294|125|276|204|213|155|248
14687,226|230|294|125|276|204|213|155|248|72
14697,226|247|230|294|125|276|204|213|155|248
14723,226|247|230|294|125|276|204|213|155|248
14741,226|247|230|294|125|276|204|213|155|248
14744,226|247|230|294|125|276|204|213|155|248
14748,226|247|230|294|125|276|204|213|155|248
14784,226|247|230|294|125|276|204|213|155|248
14815,226|247|230|294|125|276|204|213|155|248
14857,247|230|294|125|276|204|155|248|74|165
14865,226|247|230|294|125|276|204|213|155|248
14881,226|247|230|294|125|276|204|213|155|248
14888,226|247|230|294|125|276|204|213|155|248
14889,226|247|230|294|125|276|204|213|155|248
14902,226|247|230|294|125|204|213|155|248|74
14929,226|247|230|294|125|276|204|213|72|155
14934,226|247|230|294|125|276|204|213|155|248
14986,226|247|230|294|125|276|204|213|155|248
15008,226|247|230|294|125|276|204|213|155|72
15012,226|247|230|294|125|276|204|213|155|72
15014,226|247|230|294|125|276|204|213|155|248
15042,226|247|230|294|125|276|204|213|155|72
15062,226|247|230|294|125|276|204|213|155|248
15175,226|247|230|294|125|276|204|213|155|248
15192,226|247|230|294|125|276|204|213|155|248
15206,226|247|230|294|125|276|204|213|155|248
15208,226|247|230|294|125|276|204|213|155|248
15219,226|247|230|294|125|276|204|213|155|248
15223,226|247|230|294|125|276|204|213|155|248
15273,226|247|230|294|125|276|204|213|155|248
15287,226|247|230|294|125|276|204|213|155|248
15309,226|247|230|294|125|276|204|213|155|248
15348,226|247|230|294|125|276|204|213|155|248
15358,226|247|230|294|125|276|204|213|155|248
15398,226|247|230|294|125|276|204|213|155|248
15406,226|247|230|294|125|276|204|213|155|248
15427,226|247|230|294|125|276|204|213|155|248
15436,226|247|230|294|125|276|204|213|155|248
15567,226|247|230|294|125|276|204|213|155|248
15636,226|247|230|294|125|276|204|213|155|248
15713,226|247|230|294|125|276|204|213|155|248
15720,226|247|230|294|125|276|204|213|155|248
15786,226|247|230|294|125|276|204|213|155|248
15790,226|247|230|294|125|276|204|213|155|248
15810,226|247|230|294|125|276|204|213|155|74
15830,226|247|230|294|125|276|204|213|155|248
15831,226|247|230|294|125|276|204|213|155|248
15833,226|247|230|294|125|276|204|213|155|248
15851,226|247|230|294|125|276|204|213|155|248
15867,226|247|230|294|125|276|204|213|155|248
15913,226|247|230|294|125|276|204|213|155|248
16000,226|247|230|294|125|276|204|213|155|248
16004,226|247|230|294|125|276|204|213|155|248
16005,226|247|230|294|125|276|204|213|155|72
16020,226|247|230|294|125|276|204|213|155|248
16023,226|247|230|294|125|276|204|213|155|248
16038,226|247|230|294|125|276|213|155|248|72
16093,226|247|230|294|125|276|204|155|248|74
16104,226|247|230|294|125|276|204|213|155|248
16107,226|247|230|294|125|276|204|213|155|248
16129,226|247|230|294|125|276|204|213|155|248
16143,226|247|230|294|125|276|204|213|155|248
16281,226|247|230|294|125|276|204|213|155|248
16285,226|247|230|294|125|276|213|155|248|74
16304,226|247|230|294|125|276|204|213|155|248
16358,226|247|230|294|125|276|204|213|155|248
16359,226|247|230|294|125|276|204|213|155|248
16393,226|247|230|294|125|276|204|155|213|165
16409,226|247|230|294|125|276|204|213|155|72
16443,226|247|230|294|125|276|204|213|155|248
16450,226|247|230|294|125|276|204|213|155|248
16509,226|247|230|294|125|276|204|213|155|248
16545,226|247|230|294|125|276|204|213|155|248
16583,226|247|230|294|125|276|204|213|155|248
16605,226|247|230|294|125|276|204|213|155|248
16608,226|247|230|294|125|276|204|213|155|248
16616,226|247|230|294|125|276|204|213|155|248
16672,226|247|230|294|125|276|204|213|155|248
16721,226|247|230|294|125|276|204|213|155|248
16723,226|247|230|294|125|276|204|213|72|155
16755,226|247|230|294|125|276|204|213|155|248
16757,226|247|230|294|125|276|204|213|155|248
16819,226|247|230|294|125|276|204|213|155|248
16855,226|247|230|294|125|276|204|213|155|248
16879,226|247|230|294|125|276|204|213|155|248
16883,226|247|230|294|125|276|204|213|155|248
16937,226|247|230|294|125|276|204|213|155|248
16990,226|247|230|294|125|276|204|213|155|165
17006,226|247|230|294|125|276|204|213|155|248
17031,226|247|230|294|125|276|204|213|155|248
17049,226|247|230|294|125|276|204|213|155|248
17120,226|247|230|294|125|276|204|213|155|248
17123,226|247|230|294|125|276|204|213|155|248
17159,226|247|230|294|125|276|204|213|155|248
17210,226|247|230|294|125|276|204|213|155|248
17228,226|247|230|294|125|276|204|213|155|248
17248,226|247|230|294|125|276|204|213|155|248
17361,226|247|230|294|125|276|204|155|213|248
17367,226|247|230|294|125|276|204|213|155|248
17446,226|247|230|294|125|276|204|213|155|248
17472,226|247|230|294|125|276|204|213|155|248
17546,226|247|230|294|125|276|204|213|155|248
17547,226|247|230|294|125|276|204|213|155|248
17611,226|247|230|294|125|276|204|213|155|248
17711,226|247|230|294|125|276|204|213|155|248
17738,226|230|294|125|276|204|213|155|248|72
17808,226|247|230|294|125|276|204|213|155|248
17959,226|247|230|294|125|276|204|213|155|248
17988,226|247|230|294|125|276|204|213|155|248
17991,226|247|230|294|125|276|204|213|155|248
18000,226|247|230|294|125|276|204|213|155|248
18003,226|247|230|294|125|276|204|213|155|248
18032,226|247|230|294|125|276|204|213|155|248
18038,226|247|230|294|125|276|204|213|72|155
18051,226|247|230|294|125|276|204|213|155|248
18056,226|247|230|294|125|276|204|213|155|248
18129,226|247|230|294|125|276|204|213|155|248
18155,226|247|230|294|125|276|204|213|155|248
18165,226|247|230|294|125|276|204|155|248|74
18218,226|247|230|294|125|276|204|213|155|248
18237,226|247|230|125|276|204|213|155|248|72
18267,226|230|294|125|276|204|213|155|248|74
18268,226|247|230|294|125|276|204|213|155|248
18313,226|247|230|294|125|276|204|213|155|248
18353,226|247|230|294|125|276|204|213|155|248
18388,247|230|294|125|276|204|155|248|74|72
18401,226|247|230|294|125|276|204|213|155|248
18445,226|247|230|294|125|276|204|213|155|248
18458,226|247|230|294|125|276|204|213|155|248
18530,226|247|230|294|125|276|204|213|155|248
18573,247|230|294|125|276|204|155|248|213|74
18585,226|247|230|294|125|276|204|213|155|248
18586,226|247|230|294|125|276|204|213|155|72
18743,226|247|230|294|125|276|204|213|155|248
18978,226|247|230|294|125|276|204|213|155|248
18979,226|247|230|294|125|276|204|213|155|74
18983,226|247|230|294|125|276|204|213|155|248
19004,226|247|230|294|125|276|204|213|155|248
19026,226|247|230|294|125|276|204|213|155|248
19085,226|247|230|294|125|276|204|213|155|248
19091,226|247|230|294|125|276|155|204|248|213
19093,226|247|230|294|125|276|204|213|155|248
19123,226|247|230|294|125|276|204|213|155|248
19124,226|247|230|294|125|276|204|213|155|248
19141,226|247|230|294|125|276|204|213|155|248
19221,226|247|230|294|125|276|204|213|155|248
19254,226|247|230|294|125|276|204|213|155|248
19278,226|247|230|294|125|276|204|213|155|248
19298,226|247|230|294|125|276|204|213|155|248
19310,226|247|230|294|125|276|204|213|155|248
19340,226|247|230|294|125|276|204|213|155|248
19373,226|247|230|294|125|276|204|213|155|248
19390,226|247|230|294|125|276|204|213|155|248
19417,226|247|230|294|125|276|204|213|155|248
19541,226|247|230|294|125|276|204|213|155|248
19554,226|247|230|294|125|276|204|213|155|248
19603,226|247|230|294|125|276|204|213|155|248
19750,226|230|294|125|276|204|213|155|248|74
19762,226|247|230|294|125|276|204|213|155|248
19910,226|247|230|294|125|276|204|213|155|72
19919,226|247|230|294|125|276|204|213|155|248
19993,226|247|230|294|125|276|204|213|155|248
20027,226|247|230|294|125|276|204|213|155|248
20032,226|247|230|294|125|276|204|213|155|248
20061,226|247|230|294|125|276|204|213|155|74
20085,226|247|230|294|125|276|204|213|155|248
20125,226|247|230|294|125|276|204|213|155|248
20137,226|247|230|294|125|276|204|213|155|248
20179,226|247|230|294|125|276|204|213|155|248
20190,226|247|230|294|125|276|204|213|155|248
20208,226|247|230|294|125|276|204|213|155|248
20246,226|247|230|294|125|276|204|213|155|248
20382,226|247|230|294|125|276|204|213|155|248
20400,226|247|230|294|125|276|204|213|155|248
20539,226|247|230|294|125|276|204|213|155|248
20624,226|247|230|294|125|276|204|213|155|248
20645,226|247|230|294|125|276|204|213|155|248
20654,226|247|230|294|125|276|204|213|155|248
20724,226|247|230|294|125|276|204|213|155|248
20731,226|247|230|294|125|276|204|213|155|248
20785,226|247|230|294|125|276|204|213|155|248
20821,226|247|230|294|125|276|204|213|155|248
20836,226|247|230|294|125|276|204|213|155|248
20858,226|247|230|294|125|276|204|213|155|248
20883,226|247|230|294|125|276|204|213|155|248
20931,226|247|294|125|276|204|213|155|248|74
20961,226|247|230|294|125|276|204|213|155|248
20966,226|247|230|294|125|276|204|213|155|248
21038,226|247|230|294|125|276|204|213|155|248
21084,226|247|230|294|125|276|204|213|155|248
21120,226|247|230|294|125|276|204|213|155|248
21129,226|247|230|294|125|276|213|204|155|248
21219,226|247|230|294|125|276|204|213|155|248
21228,226|247|230|294|125|276|204|213|155|248
21259,226|247|230|294|125|276|204|213|155|248
21318,226|247|230|294|125|276|204|213|155|248
21345,226|247|230|294|125|276|204|213|155|248
21386,226|247|230|294|125|276|204|213|155|248
21615,226|230|294|125|276|204|213|155|248|72
21658,226|247|230|294|125|276|204|213|155|248
21743,226|247|230|294|125|276|204|213|155|248
21818,226|247|230|294|125|276|204|213|155|248
21847,226|247|230|294|125|276|204|213|155|248
21852,226|247|230|294|125|276|204|213|155|248
21902,226|247|230|294|125|276|204|213|155|248
21934,226|247|230|294|125|276|204|213|155|248
21941,226|247|230|294|125|276|204|213|155|248
21949,226|247|230|294|125|276|204|213|155|248
22069,226|247|230|294|125|276|204|213|155|165
22077,226|247|230|294|125|276|213|155|248|72
22126,226|247|230|294|125|276|204|213|155|248
22136,226|247|230|294|125|276|204|213|155|248
22172,226|247|230|294|125|276|204|213|155|72
22182,226|247|230|294|125|276|204|213|155|248
22253,226|247|230|294|125|276|204|213|155|248
22273,226|247|230|294|125|276|204|213|155|248
22303,226|247|230|294|125|276|204|213|155|248
22386,226|247|230|294|125|276|204|213|155|248
22428,226|247|230|294|125|276|204|213|155|248
22487,226|247|230|294|125|276|204|213|155|248
22536,226|247|230|294|125|276|204|213|155|248
22559,226|247|230|294|125|276|204|213|155|248
22564,226|247|230|294|125|276|204|213|155|248
22608,226|247|230|294|125|276|204|213|155|165
22687,226|247|230|294|125|276|204|213|155|248
22734,226|247|230|294|125|276|204|213|155|248
22801,226|247|230|294|125|276|204|213|155|248
22844,226|247|230|294|125|276|204|213|155|248
22872,226|247|230|294|125|276|204|213|155|72
22877,226|247|230|294|125|276|204|213|155|248
22882,226|247|230|294|125|276|204|213|155|248
22911,226|247|230|294|125|276|204|213|155|248
22930,226|247|230|294|125|276|204|213|155|248
23035,226|247|230|294|125|276|204|213|155|248
23038,226|247|230|294|125|276|204|213|155|248
23058,226|247|230|294|125|276|204|213|155|74
23067,226|247|230|294|125|276|204|213|155|74
23105,247|230|294|125|276|204|155|72|248|74
23162,226|247|230|294|125|276|204|213|155|248
23247,226|247|230|294|125|276|204|213|155|248
23277,226|247|230|294|125|276|204|213|155|72
23312,226|247|230|294|125|276|204|213|155|248
23318,226|247|230|294|125|276|204|213|155|248
23425,226|247|230|294|125|276|204|213|155|248
23486,226|247|230|294|125|276|204|213|155|248
23551,226|247|230|294|125|276|204|213|155|248
23646,226|247|230|294|125|276|204|213|155|248
23669,226|247|230|294|125|276|204|213|155|74
23691,226|247|230|294|125|276|204|155|213|248
23695,226|247|230|294|125|276|204|213|155|248
23734,226|247|230|294|125|276|204|213|155|248
23769,226|247|230|294|125|276|204|213|155|248
23803,226|247|230|294|125|276|204|213|155|248
24103,226|247|230|294|125|276|204|213|155|248
24147,226|247|230|294|125|276|204|213|155|248
24187,226|247|230|294|125|276|204|213|155|248
24210,226|247|230|294|125|276|204|213|155|248
24243,226|247|230|294|125|276|204|213|155|248
24300,226|247|230|294|125|276|204|213|155|248
24358,226|247|230|294|125|276|204|213|155|248
24405,226|247|230|294|125|276|204|213|155|248
24413,226|247|230|294|125|276|204|213|155|248
24428,226|247|230|294|125|276|155|204|213|165
24556,226|247|230|294|125|276|204|213|155|248
24610,226|247|230|294|125|276|204|213|155|248
24650,226|247|230|294|125|276|204|213|155|248
24751,226|230|294|125|276|204|213|155|72|248
24909,226|247|230|294|125|276|204|213|155|248
24976,226|247|230|294|125|276|204|213|155|248
25004,226|247|230|294|125|276|204|213|155|72
25122,226|247|230|294|125|276|204|213|155|248
25146,226|247|230|294|125|276|204|213|155|248
25155,226|247|230|294|125|276|204|213|155|248
25235,247|230|294|125|276|204|213|72|155|248
25294,226|247|230|294|125|276|204|213|155|248
25377,226|247|230|294|125|276|204|213|155|74
25426,226|247|230|294|125|276|204|213|155|248
25532,226|247|230|294|125|276|204|213|155|248
25644,226|247|230|294|125|276|204|213|165|155
25656,226|247|230|294|125|276|204|213|155|72
25739,226|247|230|294|125|276|204|213|155|248
25758,226|247|230|294|125|276|204|213|155|248
25800,226|247|230|294|125|276|204|213|155|248
26116,226|247|230|294|125|276|204|213|155|248
26123,226|247|230|294|125|276|204|213|155|248
26263,226|247|230|294|125|276|204|213|155|248
26306,226|247|230|294|125|276|204|213|155|248
26323,226|247|230|294|125|276|204|213|155|248
26396,226|247|230|294|125|276|204|213|155|72
26434,226|247|230|294|125|276|204|213|155|248
26545,226|247|230|294|125|276|204|213|155|248
26573,226|247|230|294|125|276|204|213|155|248
26590,226|247|230|294|125|276|204|213|155|248
26618,226|247|230|294|125|276|204|213|155|248
26646,226|247|230|294|125|276|204|213|155|248
26686,226|247|230|294|125|276|204|213|155|248
26760,226|247|230|294|125|276|204|213|155|248
26778,226|247|230|294|125|276|204|213|155|248
26978,226|247|230|294|125|276|204|213|155|248
27097,226|247|230|294|125|276|204|213|155|248
27107,226|247|230|294|125|276|204|213|155|248
27202,226|247|230|294|125|276|204|213|155|248
27237,226|247|230|294|125|276|204|213|155|248
27241,226|247|230|294|125|276|204|213|155|248
27325,226|247|230|294|125|276|204|213|155|248
27372,226|247|230|294|125|276|204|213|155|248
27386,226|247|230|294|125|276|204|213|155|248
27459,226|247|230|294|125|276|204|213|155|248
27506,226|247|230|294|125|276|204|213|72|155
27547,226|247|230|294|125|276|204|213|248|155
27551,226|247|230|294|125|276|204|213|155|248
27585,226|247|230|294|125|276|204|213|155|248
27601,226|247|230|294|125|276|204|213|155|248
27647,226|247|230|294|125|276|204|213|155|248
27677,226|247|230|294|125|276|204|213|155|248
27771,226|247|230|294|125|276|204|213|155|248
27773,226|247|230|294|125|276|204|213|155|248
27803,226|247|230|294|125|276|204|213|155|248
27872,226|247|230|294|125|276|204|213|155|248
27925,226|247|230|294|125|276|204|213|155|248
28015,226|247|230|294|125|276|204|213|155|248
28034,226|247|230|294|125|276|204|213|155|248
28042,226|247|230|294|125|276|204|213|155|248
28099,226|247|230|294|125|276|204|213|155|72
28168,226|247|230|294|125|276|204|213|155|248
28210,226|247|230|294|125|276|204|213|155|248
28253,226|247|230|294|125|276|204|213|155|248
28398,226|247|230|294|125|276|204|213|155|248
28462,226|247|230|294|125|276|204|213|155|248
28481,226|247|230|294|125|276|204|213|155|248
28577,226|247|230|294|125|276|204|213|155|248
